<?xml version = '1.0' encoding = 'UTF-8'?>
<Entity class="oracle.dbtools.crest.model.design.logical.Entity" directorySegmentName="seg_0" id="1C1A0099-A9E3-AC42-D06A-1237CAE8F07D" name="TRABAJADOR">
<createdBy>merce</createdBy>
<createdTime>2026-01-23 23:27:49 UTC</createdTime>
<ownerDesignName>MODELO MER-E HiLogic Solutions</ownerDesignName>
<engineerTo>
<item key="CB4E328F-AB95-1250-A1A6-D3A03EE36389" value="true"/>
</engineerTo>
<adequatelyNormalized>NO</adequatelyNormalized>
<expectedVolumes>0</expectedVolumes>
<fwdEngineeringStrategyName>Single Table</fwdEngineeringStrategyName>
<growthPercent>0</growthPercent>
<growthType>Year</growthType>
<maxVolumes>9999999</maxVolumes>
<minVolumes>0</minVolumes>
<normalForm>Third</normalForm>
<shortName>TRAB</shortName>
<attributes itemClass="oracle.dbtools.crest.model.design.logical.Attribute">
<Attribute name="rut_trabajador" id="BEE6E2EC-CB48-13A8-B2C1-6C18D210E8BF">
<createdBy>merce</createdBy>
<createdTime>2026-01-23 23:27:56 UTC</createdTime>
<ownerDesignName>MODELO MER-E HiLogic Solutions</ownerDesignName>
<engineerTo>
<item key="CB4E328F-AB95-1250-A1A6-D3A03EE36389" value="true"/>
</engineerTo>
<useDomainConstraints>false</useDomainConstraints>
<use>1</use>
<logicalDatatype>LOGDT024</logicalDatatype>
<dataTypeSize>12 CHAR</dataTypeSize>
<ownDataTypeParameters>12 CHAR,,</ownDataTypeParameters>
</Attribute>
<Attribute name="nombre_completo" id="55684590-3C7B-5F86-88A0-B6F4E05989FD">
<createdBy>merce</createdBy>
<createdTime>2026-01-23 23:28:12 UTC</createdTime>
<ownerDesignName>MODELO MER-E HiLogic Solutions</ownerDesignName>
<engineerTo>
<item key="CB4E328F-AB95-1250-A1A6-D3A03EE36389" value="true"/>
</engineerTo>
<useDomainConstraints>false</useDomainConstraints>
<use>1</use>
<logicalDatatype>LOGDT024</logicalDatatype>
<dataTypeSize>200 CHAR</dataTypeSize>
<ownDataTypeParameters>200 CHAR,,</ownDataTypeParameters>
</Attribute>
<Attribute name="fecha_nacimiento" id="0D77DC45-CD2A-711E-F62E-140CE91529EF">
<createdBy>merce</createdBy>
<createdTime>2026-01-23 23:28:33 UTC</createdTime>
<ownerDesignName>MODELO MER-E HiLogic Solutions</ownerDesignName>
<engineerTo>
<item key="CB4E328F-AB95-1250-A1A6-D3A03EE36389" value="true"/>
</engineerTo>
<useDomainConstraints>false</useDomainConstraints>
<use>1</use>
<logicalDatatype>LOGDT007</logicalDatatype>
<ownDataTypeParameters>,,</ownDataTypeParameters>
</Attribute>
<Attribute name="genero" id="F56569EA-9D02-C01B-4CEF-0138B245560C">
<createdBy>merce</createdBy>
<createdTime>2026-01-23 23:28:44 UTC</createdTime>
<ownerDesignName>MODELO MER-E HiLogic Solutions</ownerDesignName>
<engineerTo>
<item key="CB4E328F-AB95-1250-A1A6-D3A03EE36389" value="true"/>
</engineerTo>
<useDomainConstraints>false</useDomainConstraints>
<use>1</use>
<logicalDatatype>LOGDT025</logicalDatatype>
<dataTypeSize>1 CHAR</dataTypeSize>
<ownDataTypeParameters>1 CHAR,,</ownDataTypeParameters>
</Attribute>
<Attribute name="numero_contrato" id="42D97F5A-0D0B-0DEB-F086-7E6EC136A1F8">
<createdBy>merce</createdBy>
<createdTime>2026-01-23 23:50:35 UTC</createdTime>
<generatorID>F2A557B1-A64B-53EF-49B1-A792F14A865D</generatorID>
<ownerDesignName>MODELO MER-E HiLogic Solutions</ownerDesignName>
<engineerTo>
<item key="CB4E328F-AB95-1250-A1A6-D3A03EE36389" value="true"/>
</engineerTo>
<referedAttribute>3C615526-810C-5712-920C-D60E413F2E9C</referedAttribute>
<useDomainConstraints>false</useDomainConstraints>
<use>1</use>
<logicalDatatype>LOGDT019</logicalDatatype>
<dataTypePrecision>10</dataTypePrecision>
<ownDataTypeParameters>,10,</ownDataTypeParameters>
</Attribute>
<Attribute name="numero_sucursal" id="AA63C87E-50CB-BDB9-6F0D-5F926CA3D68C">
<createdBy>merce</createdBy>
<createdTime>2026-01-23 23:50:35 UTC</createdTime>
<generatorID>F2A557B1-A64B-53EF-49B1-A792F14A865D</generatorID>
<ownerDesignName>MODELO MER-E HiLogic Solutions</ownerDesignName>
<engineerTo>
<item key="CB4E328F-AB95-1250-A1A6-D3A03EE36389" value="true"/>
</engineerTo>
<referedAttribute>727CC851-4FB1-9544-E81C-7E53C128A54F</referedAttribute>
<useDomainConstraints>false</useDomainConstraints>
<use>1</use>
<logicalDatatype>LOGDT019</logicalDatatype>
<dataTypePrecision>3</dataTypePrecision>
<ownDataTypeParameters>,3,</ownDataTypeParameters>
</Attribute>
<Attribute name="numero_sucursal1" id="F8B326C3-811B-D132-A743-D073646EBD13">
<createdBy>merce</createdBy>
<createdTime>2026-01-23 23:50:35 UTC</createdTime>
<generatorID>F2A557B1-A64B-53EF-49B1-A792F14A865D</generatorID>
<ownerDesignName>MODELO MER-E HiLogic Solutions</ownerDesignName>
<engineerTo>
<item key="CB4E328F-AB95-1250-A1A6-D3A03EE36389" value="true"/>
</engineerTo>
<referedAttribute>EE16D12E-BC35-9154-268E-704A4B624B1B</referedAttribute>
<useDomainConstraints>false</useDomainConstraints>
<use>1</use>
<logicalDatatype>LOGDT019</logicalDatatype>
<dataTypePrecision>3</dataTypePrecision>
<ownDataTypeParameters>,3,</ownDataTypeParameters>
</Attribute>
</attributes>
<identifiers itemClass="oracle.dbtools.crest.model.design.logical.CandidateKey">
<identifier id="F2FFA615-42ED-EBBA-5EE6-B297C3A2B265" name="TRABAJADOR PK">
<createdBy>merce</createdBy>
<createdTime>2026-01-23 23:30:54 UTC</createdTime>
<ownerDesignName>MODELO MER-E HiLogic Solutions</ownerDesignName>
<engineerTo>
<item key="CB4E328F-AB95-1250-A1A6-D3A03EE36389" value="true"/>
</engineerTo>
<pk>true</pk>
<usedAttributes>
<attributeRef>BEE6E2EC-CB48-13A8-B2C1-6C18D210E8BF</attributeRef>
<attributeRef>42D97F5A-0D0B-0DEB-F086-7E6EC136A1F8</attributeRef>
<attributeRef>AA63C87E-50CB-BDB9-6F0D-5F926CA3D68C</attributeRef>
<attributeRef>F8B326C3-811B-D132-A743-D073646EBD13</attributeRef>
</usedAttributes>
</identifier>
</identifiers>
</Entity>