<?xml version = '1.0' encoding = 'UTF-8'?>
<Entity class="oracle.dbtools.crest.model.design.logical.Entity" directorySegmentName="seg_0" id="465683D7-8C1E-69BD-36F6-553D49D08C7D" name="CONTRATO_PRACTICANTE">
<createdBy>merce</createdBy>
<createdTime>2026-01-23 23:32:49 UTC</createdTime>
<ownerDesignName>MODELO MER-E HiLogic Solutions</ownerDesignName>
<engineerTo>
<item key="CB4E328F-AB95-1250-A1A6-D3A03EE36389" value="true"/>
</engineerTo>
<adequatelyNormalized>NO</adequatelyNormalized>
<expectedVolumes>0</expectedVolumes>
<fwdEngineeringStrategyName>Single Table</fwdEngineeringStrategyName>
<growthPercent>0</growthPercent>
<growthType>Year</growthType>
<hierarchicalParent>DE7E7D0D-758F-32CA-08DE-464DA9ABC66C</hierarchicalParent>
<maxVolumes>9999999</maxVolumes>
<minVolumes>0</minVolumes>
<normalForm>Third</normalForm>
<shortName>PRA</shortName>
<attributes itemClass="oracle.dbtools.crest.model.design.logical.Attribute">
<Attribute name="compensacion" id="89EC8659-1A3B-E847-2E10-EB122E83A0BE">
<createdBy>merce</createdBy>
<createdTime>2026-01-23 23:33:03 UTC</createdTime>
<ownerDesignName>MODELO MER-E HiLogic Solutions</ownerDesignName>
<engineerTo>
<item key="CB4E328F-AB95-1250-A1A6-D3A03EE36389" value="true"/>
</engineerTo>
<useDomainConstraints>false</useDomainConstraints>
<use>1</use>
<logicalDatatype>LOGDT019</logicalDatatype>
<dataTypePrecision>10</dataTypePrecision>
<ownDataTypeParameters>,10,</ownDataTypeParameters>
</Attribute>
<Attribute name="codigo_cargo" id="67B8942D-40F7-E0B8-A31C-6B3977C5AE50">
<createdBy>merce</createdBy>
<createdTime>2026-01-23 23:33:16 UTC</createdTime>
<ownerDesignName>MODELO MER-E HiLogic Solutions</ownerDesignName>
<engineerTo>
<item key="CB4E328F-AB95-1250-A1A6-D3A03EE36389" value="true"/>
</engineerTo>
<useDomainConstraints>false</useDomainConstraints>
<use>1</use>
<logicalDatatype>LOGDT019</logicalDatatype>
<dataTypePrecision>3</dataTypePrecision>
<ownDataTypeParameters>,3,</ownDataTypeParameters>
</Attribute>
<Attribute name="codigo_cargo1" id="634B025D-A77F-3F13-80A2-5CD2AED6052C">
<createdBy>merce</createdBy>
<createdTime>2026-01-23 23:52:11 UTC</createdTime>
<generatorID>9D21A893-1781-606B-ACAF-24262B8893D8</generatorID>
<ownerDesignName>MODELO MER-E HiLogic Solutions</ownerDesignName>
<engineerTo>
<item key="CB4E328F-AB95-1250-A1A6-D3A03EE36389" value="true"/>
</engineerTo>
<referedAttribute>B8C295F2-E548-87A3-4EBF-65C26115CD5A</referedAttribute>
<useDomainConstraints>false</useDomainConstraints>
<use>1</use>
<logicalDatatype>LOGDT019</logicalDatatype>
<dataTypePrecision>3</dataTypePrecision>
<ownDataTypeParameters>,3,</ownDataTypeParameters>
</Attribute>
</attributes>
<identifiers itemClass="oracle.dbtools.crest.model.design.logical.CandidateKey">
<identifier id="19F3F8FE-674B-3D65-5D93-01E58870FA46" name="CONTRATO_PRACTICANTE PK">
<createdBy>merce</createdBy>
<createdTime>2026-01-23 23:52:11 UTC</createdTime>
<ownerDesignName>MODELO MER-E HiLogic Solutions</ownerDesignName>
<engineerTo>
<item key="CB4E328F-AB95-1250-A1A6-D3A03EE36389" value="true"/>
</engineerTo>
<pk>true</pk>
<usedAttributes>
<attributeRef>634B025D-A77F-3F13-80A2-5CD2AED6052C</attributeRef>
</usedAttributes>
</identifier>
</identifiers>
</Entity>