<?xml version = '1.0' encoding = 'UTF-8'?>
<Entity class="oracle.dbtools.crest.model.design.logical.Entity" directorySegmentName="seg_0" id="50673B01-B8D3-5A38-DEEC-7AA630BE9C92" name="DETALLE_BOLETA">
<createdBy>merce</createdBy>
<createdTime>2026-01-23 23:42:46 UTC</createdTime>
<ownerDesignName>MODELO MER-E HiLogic Solutions</ownerDesignName>
<engineerTo>
<item key="CB4E328F-AB95-1250-A1A6-D3A03EE36389" value="true"/>
</engineerTo>
<adequatelyNormalized>NO</adequatelyNormalized>
<expectedVolumes>0</expectedVolumes>
<fwdEngineeringStrategyName>Single Table</fwdEngineeringStrategyName>
<growthPercent>0</growthPercent>
<growthType>Year</growthType>
<maxVolumes>9999999</maxVolumes>
<minVolumes>0</minVolumes>
<normalForm>Third</normalForm>
<shortName>DET</shortName>
<attributes itemClass="oracle.dbtools.crest.model.design.logical.Attribute">
<Attribute name="numero_boleta" id="BE97A9FD-FE53-26F5-BA91-D71C644CA83A">
<createdBy>merce</createdBy>
<createdTime>2026-01-23 23:42:57 UTC</createdTime>
<ownerDesignName>MODELO MER-E HiLogic Solutions</ownerDesignName>
<engineerTo>
<item key="CB4E328F-AB95-1250-A1A6-D3A03EE36389" value="true"/>
</engineerTo>
<useDomainConstraints>false</useDomainConstraints>
<use>1</use>
<logicalDatatype>LOGDT019</logicalDatatype>
<dataTypePrecision>10</dataTypePrecision>
<ownDataTypeParameters>,10,</ownDataTypeParameters>
</Attribute>
<Attribute name="codigo_producto" id="01CA222F-241C-6AA8-AEAA-8AEAFB88D4DC">
<createdBy>merce</createdBy>
<createdTime>2026-01-23 23:43:12 UTC</createdTime>
<ownerDesignName>MODELO MER-E HiLogic Solutions</ownerDesignName>
<engineerTo>
<item key="CB4E328F-AB95-1250-A1A6-D3A03EE36389" value="true"/>
</engineerTo>
<useDomainConstraints>false</useDomainConstraints>
<use>1</use>
<logicalDatatype>LOGDT019</logicalDatatype>
<dataTypePrecision>6</dataTypePrecision>
<ownDataTypeParameters>,6,</ownDataTypeParameters>
</Attribute>
<Attribute name="cantidad" id="A1329283-DFE1-3AF0-202B-64794988F2FD">
<createdBy>merce</createdBy>
<createdTime>2026-01-23 23:43:23 UTC</createdTime>
<ownerDesignName>MODELO MER-E HiLogic Solutions</ownerDesignName>
<engineerTo>
<item key="CB4E328F-AB95-1250-A1A6-D3A03EE36389" value="true"/>
</engineerTo>
<useDomainConstraints>false</useDomainConstraints>
<use>1</use>
<logicalDatatype>LOGDT019</logicalDatatype>
<dataTypePrecision>5</dataTypePrecision>
<ownDataTypeParameters>,5,</ownDataTypeParameters>
</Attribute>
<Attribute name="precio_unitario" id="421362AF-8DCA-BF01-CDC1-B3687D705F34">
<createdBy>merce</createdBy>
<createdTime>2026-01-23 23:43:37 UTC</createdTime>
<ownerDesignName>MODELO MER-E HiLogic Solutions</ownerDesignName>
<engineerTo>
<item key="CB4E328F-AB95-1250-A1A6-D3A03EE36389" value="true"/>
</engineerTo>
<useDomainConstraints>false</useDomainConstraints>
<use>1</use>
<logicalDatatype>LOGDT019</logicalDatatype>
<dataTypePrecision>10</dataTypePrecision>
<ownDataTypeParameters>,10,</ownDataTypeParameters>
</Attribute>
<Attribute name="codigo_producto1" id="F777959D-0D5A-254B-459F-37A4ADD8D421">
<createdBy>merce</createdBy>
<createdTime>2026-01-23 23:59:12 UTC</createdTime>
<generatorID>DA4DA12E-1187-B323-F307-C6F9AB107BFE</generatorID>
<ownerDesignName>MODELO MER-E HiLogic Solutions</ownerDesignName>
<engineerTo>
<item key="CB4E328F-AB95-1250-A1A6-D3A03EE36389" value="true"/>
</engineerTo>
<referedAttribute>73729A02-DC51-B4DA-05F9-7B2F8848CC53</referedAttribute>
<useDomainConstraints>false</useDomainConstraints>
<use>1</use>
<logicalDatatype>LOGDT019</logicalDatatype>
<dataTypePrecision>6</dataTypePrecision>
<ownDataTypeParameters>,6,</ownDataTypeParameters>
</Attribute>
<Attribute name="numero_boleta1" id="08967B10-2E05-A8EF-9958-81B7558DB619">
<createdBy>merce</createdBy>
<createdTime>2026-01-24 00:00:06 UTC</createdTime>
<generatorID>8F949D5E-463E-414F-3116-3B46F898A8C2</generatorID>
<ownerDesignName>MODELO MER-E HiLogic Solutions</ownerDesignName>
<engineerTo>
<item key="CB4E328F-AB95-1250-A1A6-D3A03EE36389" value="true"/>
</engineerTo>
<referedAttribute>6060BFA7-631F-D11A-CFD9-F75A4B1EEFFB</referedAttribute>
<useDomainConstraints>false</useDomainConstraints>
<use>1</use>
<logicalDatatype>LOGDT019</logicalDatatype>
<dataTypePrecision>10</dataTypePrecision>
<ownDataTypeParameters>,10,</ownDataTypeParameters>
</Attribute>
<Attribute name="numero_sucursal" id="DC5715BC-269E-A23A-79E3-6917CF30E145">
<createdBy>merce</createdBy>
<createdTime>2026-01-24 00:00:06 UTC</createdTime>
<generatorID>8F949D5E-463E-414F-3116-3B46F898A8C2</generatorID>
<ownerDesignName>MODELO MER-E HiLogic Solutions</ownerDesignName>
<engineerTo>
<item key="CB4E328F-AB95-1250-A1A6-D3A03EE36389" value="true"/>
</engineerTo>
<referedAttribute>E6D1A0B8-2434-CEEA-3FDD-7941ADED58BC</referedAttribute>
<useDomainConstraints>false</useDomainConstraints>
<use>1</use>
<logicalDatatype>LOGDT019</logicalDatatype>
<dataTypePrecision>3</dataTypePrecision>
<ownDataTypeParameters>,3,</ownDataTypeParameters>
</Attribute>
</attributes>
<identifiers itemClass="oracle.dbtools.crest.model.design.logical.CandidateKey">
<identifier id="69149CEA-9428-D69F-9D9D-84AE98D098D8" name="DETALLE_BOLETA PK">
<createdBy>merce</createdBy>
<createdTime>2026-01-23 23:43:11 UTC</createdTime>
<ownerDesignName>MODELO MER-E HiLogic Solutions</ownerDesignName>
<engineerTo>
<item key="CB4E328F-AB95-1250-A1A6-D3A03EE36389" value="true"/>
</engineerTo>
<pk>true</pk>
<usedAttributes>
<attributeRef>BE97A9FD-FE53-26F5-BA91-D71C644CA83A</attributeRef>
<attributeRef>01CA222F-241C-6AA8-AEAA-8AEAFB88D4DC</attributeRef>
<attributeRef>F777959D-0D5A-254B-459F-37A4ADD8D421</attributeRef>
</usedAttributes>
</identifier>
</identifiers>
</Entity>