<?xml version = '1.0' encoding = 'UTF-8'?>
<Entity class="oracle.dbtools.crest.model.design.logical.Entity" directorySegmentName="seg_0" id="509DC6F1-327A-EA65-1FB0-836DA71338BD" name="CLIENTE">
<createdBy>merce</createdBy>
<createdTime>2026-01-23 23:24:32 UTC</createdTime>
<ownerDesignName>MODELO MER-E HiLogic Solutions</ownerDesignName>
<engineerTo>
<item key="CB4E328F-AB95-1250-A1A6-D3A03EE36389" value="true"/>
</engineerTo>
<adequatelyNormalized>NO</adequatelyNormalized>
<expectedVolumes>0</expectedVolumes>
<fwdEngineeringStrategyName>Single Table</fwdEngineeringStrategyName>
<growthPercent>0</growthPercent>
<growthType>Year</growthType>
<maxVolumes>9999999</maxVolumes>
<minVolumes>0</minVolumes>
<normalForm>Third</normalForm>
<shortName>CLI</shortName>
<attributes itemClass="oracle.dbtools.crest.model.design.logical.Attribute">
<Attribute name="id_cliente" id="BACBE891-996D-9E3E-5935-6C175D3AF06C">
<createdBy>merce</createdBy>
<createdTime>2026-01-23 23:24:41 UTC</createdTime>
<ownerDesignName>MODELO MER-E HiLogic Solutions</ownerDesignName>
<engineerTo>
<item key="CB4E328F-AB95-1250-A1A6-D3A03EE36389" value="true"/>
</engineerTo>
<useDomainConstraints>false</useDomainConstraints>
<use>1</use>
<logicalDatatype>LOGDT019</logicalDatatype>
<dataTypePrecision>8</dataTypePrecision>
<ownDataTypeParameters>,8,</ownDataTypeParameters>
</Attribute>
<Attribute name="nombre_completo_cliente" id="63037534-1956-0A5A-0E25-A30CFD7C5ECA">
<createdBy>merce</createdBy>
<createdTime>2026-01-23 23:24:54 UTC</createdTime>
<ownerDesignName>MODELO MER-E HiLogic Solutions</ownerDesignName>
<engineerTo>
<item key="CB4E328F-AB95-1250-A1A6-D3A03EE36389" value="true"/>
</engineerTo>
<useDomainConstraints>false</useDomainConstraints>
<use>1</use>
<logicalDatatype>LOGDT024</logicalDatatype>
<dataTypeSize>100 CHAR</dataTypeSize>
<ownDataTypeParameters>100 CHAR,,</ownDataTypeParameters>
</Attribute>
<Attribute name="rut_cliente" id="61AA8C14-09CF-8658-AD53-5458FC4FD4F2">
<createdBy>merce</createdBy>
<createdTime>2026-01-23 23:25:33 UTC</createdTime>
<ownerDesignName>MODELO MER-E HiLogic Solutions</ownerDesignName>
<engineerTo>
<item key="CB4E328F-AB95-1250-A1A6-D3A03EE36389" value="true"/>
</engineerTo>
<useDomainConstraints>false</useDomainConstraints>
<use>1</use>
<logicalDatatype>LOGDT024</logicalDatatype>
<dataTypeSize>12 CHAR</dataTypeSize>
<ownDataTypeParameters>12 CHAR,,</ownDataTypeParameters>
</Attribute>
<Attribute name="puntos_acumulados" id="EBA5FA3B-C55C-1B6E-4349-31D0EB1169CD">
<createdBy>merce</createdBy>
<createdTime>2026-01-23 23:25:46 UTC</createdTime>
<ownerDesignName>MODELO MER-E HiLogic Solutions</ownerDesignName>
<engineerTo>
<item key="CB4E328F-AB95-1250-A1A6-D3A03EE36389" value="true"/>
</engineerTo>
<useDomainConstraints>false</useDomainConstraints>
<use>1</use>
<logicalDatatype>LOGDT019</logicalDatatype>
<dataTypePrecision>6</dataTypePrecision>
<ownDataTypeParameters>,6,</ownDataTypeParameters>
</Attribute>
</attributes>
<identifiers itemClass="oracle.dbtools.crest.model.design.logical.CandidateKey">
<identifier id="1FA8D405-C5BA-05C7-8F17-FAA2FAFAB86F" name="CLIENTE PK">
<createdBy>merce</createdBy>
<createdTime>2026-01-23 23:30:41 UTC</createdTime>
<ownerDesignName>MODELO MER-E HiLogic Solutions</ownerDesignName>
<engineerTo>
<item key="CB4E328F-AB95-1250-A1A6-D3A03EE36389" value="true"/>
</engineerTo>
<pk>true</pk>
<usedAttributes>
<attributeRef>BACBE891-996D-9E3E-5935-6C175D3AF06C</attributeRef>
</usedAttributes>
</identifier>
</identifiers>
</Entity>