<?xml version = '1.0' encoding = 'UTF-8'?>
<Entity class="oracle.dbtools.crest.model.design.logical.Entity" directorySegmentName="seg_0" id="5D338A31-F12F-69A4-EB21-049A2226DD9C" name="BOLETA">
<createdBy>merce</createdBy>
<createdTime>2026-01-23 23:40:45 UTC</createdTime>
<ownerDesignName>MODELO MER-E HiLogic Solutions</ownerDesignName>
<engineerTo>
<item key="CB4E328F-AB95-1250-A1A6-D3A03EE36389" value="true"/>
</engineerTo>
<adequatelyNormalized>NO</adequatelyNormalized>
<expectedVolumes>0</expectedVolumes>
<fwdEngineeringStrategyName>Single Table</fwdEngineeringStrategyName>
<growthPercent>0</growthPercent>
<growthType>Year</growthType>
<maxVolumes>9999999</maxVolumes>
<minVolumes>0</minVolumes>
<normalForm>Third</normalForm>
<shortName>BOL</shortName>
<attributes itemClass="oracle.dbtools.crest.model.design.logical.Attribute">
<Attribute name="numero_boleta" id="6060BFA7-631F-D11A-CFD9-F75A4B1EEFFB">
<createdBy>merce</createdBy>
<createdTime>2026-01-23 23:41:00 UTC</createdTime>
<ownerDesignName>MODELO MER-E HiLogic Solutions</ownerDesignName>
<engineerTo>
<item key="CB4E328F-AB95-1250-A1A6-D3A03EE36389" value="true"/>
</engineerTo>
<useDomainConstraints>false</useDomainConstraints>
<use>1</use>
<logicalDatatype>LOGDT019</logicalDatatype>
<dataTypePrecision>10</dataTypePrecision>
<ownDataTypeParameters>,10,</ownDataTypeParameters>
</Attribute>
<Attribute name="fecha_boleta" id="1EABCC03-C24C-1D09-B1AB-BE0E588E3073">
<createdBy>merce</createdBy>
<createdTime>2026-01-23 23:41:29 UTC</createdTime>
<ownerDesignName>MODELO MER-E HiLogic Solutions</ownerDesignName>
<engineerTo>
<item key="CB4E328F-AB95-1250-A1A6-D3A03EE36389" value="true"/>
</engineerTo>
<useDomainConstraints>false</useDomainConstraints>
<use>1</use>
<logicalDatatype>LOGDT007</logicalDatatype>
<ownDataTypeParameters>,,</ownDataTypeParameters>
</Attribute>
<Attribute name="monto_total" id="787BD33A-8F65-7A5B-66F4-B68C20669063">
<createdBy>merce</createdBy>
<createdTime>2026-01-23 23:41:53 UTC</createdTime>
<ownerDesignName>MODELO MER-E HiLogic Solutions</ownerDesignName>
<engineerTo>
<item key="CB4E328F-AB95-1250-A1A6-D3A03EE36389" value="true"/>
</engineerTo>
<useDomainConstraints>false</useDomainConstraints>
<use>1</use>
<logicalDatatype>LOGDT019</logicalDatatype>
<dataTypePrecision>12</dataTypePrecision>
<ownDataTypeParameters>,12,</ownDataTypeParameters>
</Attribute>
<Attribute name="cantidad_productos" id="26F6DD1D-300A-428A-1CFC-35BCCF60D072">
<createdBy>merce</createdBy>
<createdTime>2026-01-23 23:42:13 UTC</createdTime>
<ownerDesignName>MODELO MER-E HiLogic Solutions</ownerDesignName>
<engineerTo>
<item key="CB4E328F-AB95-1250-A1A6-D3A03EE36389" value="true"/>
</engineerTo>
<useDomainConstraints>false</useDomainConstraints>
<use>1</use>
<logicalDatatype>LOGDT019</logicalDatatype>
<dataTypePrecision>5</dataTypePrecision>
<ownDataTypeParameters>,5,</ownDataTypeParameters>
</Attribute>
<Attribute name="numero_sucursal" id="E6D1A0B8-2434-CEEA-3FDD-7941ADED58BC">
<createdBy>merce</createdBy>
<createdTime>2026-01-23 23:55:21 UTC</createdTime>
<generatorID>0F646515-68E8-0B87-3A5B-645A01F9BF7A</generatorID>
<ownerDesignName>MODELO MER-E HiLogic Solutions</ownerDesignName>
<engineerTo>
<item key="CB4E328F-AB95-1250-A1A6-D3A03EE36389" value="true"/>
</engineerTo>
<referedAttribute>C38FDA64-4304-DB5E-BFA0-3F5E93BC5E22</referedAttribute>
<useDomainConstraints>false</useDomainConstraints>
<use>1</use>
<logicalDatatype>LOGDT019</logicalDatatype>
<dataTypePrecision>3</dataTypePrecision>
<ownDataTypeParameters>,3,</ownDataTypeParameters>
</Attribute>
</attributes>
<identifiers itemClass="oracle.dbtools.crest.model.design.logical.CandidateKey">
<identifier id="56077F61-32A6-9304-70A6-0F75D3F3004D" name="BOLETA PK">
<createdBy>merce</createdBy>
<createdTime>2026-01-23 23:41:27 UTC</createdTime>
<ownerDesignName>MODELO MER-E HiLogic Solutions</ownerDesignName>
<engineerTo>
<item key="CB4E328F-AB95-1250-A1A6-D3A03EE36389" value="true"/>
</engineerTo>
<pk>true</pk>
<usedAttributes>
<attributeRef>6060BFA7-631F-D11A-CFD9-F75A4B1EEFFB</attributeRef>
<attributeRef>E6D1A0B8-2434-CEEA-3FDD-7941ADED58BC</attributeRef>
</usedAttributes>
</identifier>
</identifiers>
</Entity>