<?xml version = '1.0' encoding = 'UTF-8'?>
<Entity class="oracle.dbtools.crest.model.design.logical.Entity" directorySegmentName="seg_0" id="DE7E7D0D-758F-32CA-08DE-464DA9ABC66C" name="CONTRATO">
<createdBy>merce</createdBy>
<createdTime>2026-01-23 23:29:01 UTC</createdTime>
<ownerDesignName>MODELO MER-E HiLogic Solutions</ownerDesignName>
<engineerTo>
<item key="CB4E328F-AB95-1250-A1A6-D3A03EE36389" value="true"/>
</engineerTo>
<adequatelyNormalized>NO</adequatelyNormalized>
<expectedVolumes>0</expectedVolumes>
<fwdEngineeringStrategyName>Single Table</fwdEngineeringStrategyName>
<growthPercent>0</growthPercent>
<growthType>Year</growthType>
<maxVolumes>9999999</maxVolumes>
<minVolumes>0</minVolumes>
<normalForm>Third</normalForm>
<shortName>CON</shortName>
<attributes itemClass="oracle.dbtools.crest.model.design.logical.Attribute">
<Attribute name="numero_contrato" id="3C615526-810C-5712-920C-D60E413F2E9C">
<createdBy>merce</createdBy>
<createdTime>2026-01-23 23:29:11 UTC</createdTime>
<ownerDesignName>MODELO MER-E HiLogic Solutions</ownerDesignName>
<engineerTo>
<item key="CB4E328F-AB95-1250-A1A6-D3A03EE36389" value="true"/>
</engineerTo>
<useDomainConstraints>false</useDomainConstraints>
<use>1</use>
<logicalDatatype>LOGDT019</logicalDatatype>
<dataTypePrecision>10</dataTypePrecision>
<ownDataTypeParameters>,10,</ownDataTypeParameters>
</Attribute>
<Attribute name="numero_sucursal" id="727CC851-4FB1-9544-E81C-7E53C128A54F">
<createdBy>merce</createdBy>
<createdTime>2026-01-23 23:29:32 UTC</createdTime>
<ownerDesignName>MODELO MER-E HiLogic Solutions</ownerDesignName>
<engineerTo>
<item key="CB4E328F-AB95-1250-A1A6-D3A03EE36389" value="true"/>
</engineerTo>
<useDomainConstraints>false</useDomainConstraints>
<use>1</use>
<logicalDatatype>LOGDT019</logicalDatatype>
<dataTypePrecision>3</dataTypePrecision>
<ownDataTypeParameters>,3,</ownDataTypeParameters>
</Attribute>
<Attribute name="fecha_contrato" id="18D07E68-A632-4BE8-29E2-5B6E9EB77364">
<createdBy>merce</createdBy>
<createdTime>2026-01-23 23:29:45 UTC</createdTime>
<ownerDesignName>MODELO MER-E HiLogic Solutions</ownerDesignName>
<engineerTo>
<item key="CB4E328F-AB95-1250-A1A6-D3A03EE36389" value="true"/>
</engineerTo>
<useDomainConstraints>false</useDomainConstraints>
<use>1</use>
<logicalDatatype>LOGDT007</logicalDatatype>
<ownDataTypeParameters>,,</ownDataTypeParameters>
</Attribute>
<Attribute name="direccion_sucursal" id="74815280-43D4-3C9C-58F6-D4D53E587AA1">
<createdBy>merce</createdBy>
<createdTime>2026-01-23 23:29:54 UTC</createdTime>
<ownerDesignName>MODELO MER-E HiLogic Solutions</ownerDesignName>
<engineerTo>
<item key="CB4E328F-AB95-1250-A1A6-D3A03EE36389" value="true"/>
</engineerTo>
<useDomainConstraints>false</useDomainConstraints>
<use>1</use>
<logicalDatatype>LOGDT024</logicalDatatype>
<dataTypeSize>200 CHAR</dataTypeSize>
<ownDataTypeParameters>200 CHAR,,</ownDataTypeParameters>
</Attribute>
<Attribute name="numero_sucursal1" id="EE16D12E-BC35-9154-268E-704A4B624B1B">
<createdBy>merce</createdBy>
<createdTime>2026-01-23 23:48:26 UTC</createdTime>
<generatorID>AC3A3074-27CE-9DE2-0951-F27A04B2EFC4</generatorID>
<ownerDesignName>MODELO MER-E HiLogic Solutions</ownerDesignName>
<engineerTo>
<item key="CB4E328F-AB95-1250-A1A6-D3A03EE36389" value="true"/>
</engineerTo>
<referedAttribute>C38FDA64-4304-DB5E-BFA0-3F5E93BC5E22</referedAttribute>
<useDomainConstraints>false</useDomainConstraints>
<use>1</use>
<logicalDatatype>LOGDT019</logicalDatatype>
<dataTypePrecision>3</dataTypePrecision>
<ownDataTypeParameters>,3,</ownDataTypeParameters>
</Attribute>
</attributes>
<identifiers itemClass="oracle.dbtools.crest.model.design.logical.CandidateKey">
<identifier id="50B4B717-EB51-A159-7FA1-C11A5E923909" name="CONTRATO PK">
<createdBy>merce</createdBy>
<createdTime>2026-01-23 23:29:31 UTC</createdTime>
<ownerDesignName>MODELO MER-E HiLogic Solutions</ownerDesignName>
<engineerTo>
<item key="CB4E328F-AB95-1250-A1A6-D3A03EE36389" value="true"/>
</engineerTo>
<pk>true</pk>
<usedAttributes>
<attributeRef>3C615526-810C-5712-920C-D60E413F2E9C</attributeRef>
<attributeRef>727CC851-4FB1-9544-E81C-7E53C128A54F</attributeRef>
<attributeRef>EE16D12E-BC35-9154-268E-704A4B624B1B</attributeRef>
</usedAttributes>
</identifier>
</identifiers>
</Entity>