<?xml version = '1.0' encoding = 'UTF-8'?>
<Entity class="oracle.dbtools.crest.model.design.logical.Entity" directorySegmentName="seg_0" id="FDC09DC1-64FE-E549-722E-F1361C1EF0F9" name="SUCURSAL">
<createdBy>merce</createdBy>
<createdTime>2026-01-23 23:16:38 UTC</createdTime>
<ownerDesignName>MODELO MER-E HiLogic Solutions</ownerDesignName>
<engineerTo>
<item key="CB4E328F-AB95-1250-A1A6-D3A03EE36389" value="true"/>
</engineerTo>
<adequatelyNormalized>NO</adequatelyNormalized>
<expectedVolumes>0</expectedVolumes>
<fwdEngineeringStrategyName>Single Table</fwdEngineeringStrategyName>
<growthPercent>0</growthPercent>
<growthType>Year</growthType>
<maxVolumes>9999999</maxVolumes>
<minVolumes>0</minVolumes>
<normalForm>Third</normalForm>
<shortName>SUC</shortName>
<attributes itemClass="oracle.dbtools.crest.model.design.logical.Attribute">
<Attribute name="numero_sucursal" id="C38FDA64-4304-DB5E-BFA0-3F5E93BC5E22">
<createdBy>merce</createdBy>
<createdTime>2026-01-23 23:16:57 UTC</createdTime>
<ownerDesignName>MODELO MER-E HiLogic Solutions</ownerDesignName>
<engineerTo>
<item key="CB4E328F-AB95-1250-A1A6-D3A03EE36389" value="true"/>
</engineerTo>
<useDomainConstraints>false</useDomainConstraints>
<use>1</use>
<logicalDatatype>LOGDT019</logicalDatatype>
<dataTypePrecision>3</dataTypePrecision>
<ownDataTypeParameters>,3,</ownDataTypeParameters>
</Attribute>
<Attribute name="nombre_sucursal" id="DD3FF590-5642-861E-5077-80DC75E49C66">
<createdBy>merce</createdBy>
<createdTime>2026-01-23 23:20:08 UTC</createdTime>
<ownerDesignName>MODELO MER-E HiLogic Solutions</ownerDesignName>
<engineerTo>
<item key="CB4E328F-AB95-1250-A1A6-D3A03EE36389" value="true"/>
</engineerTo>
<useDomainConstraints>false</useDomainConstraints>
<use>1</use>
<logicalDatatype>LOGDT024</logicalDatatype>
<dataTypeSize>100 CHAR</dataTypeSize>
<ownDataTypeParameters>100 CHAR,,</ownDataTypeParameters>
</Attribute>
<Attribute name="direccion_sucursal" id="43137668-7C03-FDAA-B5D6-3A87AEDF1414">
<createdBy>merce</createdBy>
<createdTime>2026-01-23 23:21:03 UTC</createdTime>
<ownerDesignName>MODELO MER-E HiLogic Solutions</ownerDesignName>
<engineerTo>
<item key="CB4E328F-AB95-1250-A1A6-D3A03EE36389" value="true"/>
</engineerTo>
<useDomainConstraints>false</useDomainConstraints>
<use>1</use>
<logicalDatatype>LOGDT024</logicalDatatype>
<dataTypeSize>200 CHAR</dataTypeSize>
<ownDataTypeParameters>200 CHAR,,</ownDataTypeParameters>
</Attribute>
<Attribute name="comuna_sucursal" id="E46E2A98-BBF0-2267-0A7B-0BA5D74219F9">
<createdBy>merce</createdBy>
<createdTime>2026-01-23 23:21:25 UTC</createdTime>
<ownerDesignName>MODELO MER-E HiLogic Solutions</ownerDesignName>
<engineerTo>
<item key="CB4E328F-AB95-1250-A1A6-D3A03EE36389" value="true"/>
</engineerTo>
<useDomainConstraints>false</useDomainConstraints>
<use>1</use>
<logicalDatatype>LOGDT024</logicalDatatype>
<dataTypeSize>50 CHAR</dataTypeSize>
<ownDataTypeParameters>50 CHAR,,</ownDataTypeParameters>
</Attribute>
</attributes>
<identifiers itemClass="oracle.dbtools.crest.model.design.logical.CandidateKey">
<identifier id="FB88DFD6-8816-2E36-C9B2-767A038FA378" name="SUCURSAL PK">
<createdBy>merce</createdBy>
<createdTime>2026-01-23 23:17:10 UTC</createdTime>
<ownerDesignName>MODELO MER-E HiLogic Solutions</ownerDesignName>
<engineerTo>
<item key="CB4E328F-AB95-1250-A1A6-D3A03EE36389" value="true"/>
</engineerTo>
<pk>true</pk>
<usedAttributes>
<attributeRef>C38FDA64-4304-DB5E-BFA0-3F5E93BC5E22</attributeRef>
</usedAttributes>
</identifier>
</identifiers>
</Entity>