<?xml version = '1.0' encoding = 'UTF-8'?>
<Diagram class="oracle.dbtools.crest.swingui.logical.DPVLogical" name="Logical" id="6432B8DF-841D-C544-0CC5-11021FFAACDE">
<createdBy>merce</createdBy>
<modifiedBy>merce</modifiedBy>
<createdTime>2026-01-23 23:15:58 UTC</createdTime>
<autoRoute>false</autoRoute>
<boxInbox>true</boxInbox>
<showLegend>false</showLegend>
<showLabels>false</showLabels>
<showRelAttributes>false</showRelAttributes>
<gridEnabled>false</gridEnabled>
<showGrid>false</showGrid>
<diagramColor>-1</diagramColor>
<display>false</display>
<notation>1</notation>
<objectViews>
<OView class="oracle.dbtools.crest.swingui.logical.TVEntity" oid="1C1A0099-A9E3-AC42-D06A-1237CAE8F07D" otype="Entity" vid="4D7C3D60-B9FF-E633-2898-9D153FC74FC6">
<hideElementsInCurrentOnly>false</hideElementsInCurrentOnly>
<bounds x="59" y="43" width="479" height="154"/>
</OView>
<OView class="oracle.dbtools.crest.swingui.logical.TVEntity" oid="465683D7-8C1E-69BD-36F6-553D49D08C7D" otype="Entity" vid="41EDEB26-5474-05AC-AD27-256A02D92B1E">
<hideElementsInCurrentOnly>false</hideElementsInCurrentOnly>
<bounds x="44" y="389" width="209" height="94"/>
</OView>
<OView class="oracle.dbtools.crest.swingui.logical.TVEntity" oid="50673B01-B8D3-5A38-DEEC-7AA630BE9C92" otype="Entity" vid="EA7CC3F4-7A01-B867-03D9-ECC11414AAC5">
<hideElementsInCurrentOnly>false</hideElementsInCurrentOnly>
<bounds x="1006" y="44" width="263" height="155"/>
</OView>
<OView class="oracle.dbtools.crest.swingui.logical.TVEntity" oid="509DC6F1-327A-EA65-1FB0-836DA71338BD" otype="Entity" vid="A9DD1C24-9938-C9B5-E326-877E9B556A5F">
<hideElementsInCurrentOnly>false</hideElementsInCurrentOnly>
<bounds x="716" y="524" width="349" height="214"/>
</OView>
<OView class="oracle.dbtools.crest.swingui.logical.TVEntity" oid="53CC50D5-B6D9-40B2-7279-06965434E969" otype="Entity" vid="4FB47D9D-62DD-2987-509E-F7E0728C94F4">
<hideElementsInCurrentOnly>false</hideElementsInCurrentOnly>
<bounds x="289" y="382" width="192" height="116"/>
</OView>
<OView class="oracle.dbtools.crest.swingui.logical.TVEntity" oid="5D338A31-F12F-69A4-EB21-049A2226DD9C" otype="Entity" vid="037F43D2-ADD4-DABD-FD56-433C1EF58CEF">
<hideElementsInCurrentOnly>false</hideElementsInCurrentOnly>
<bounds x="644" y="54" width="258" height="121"/>
</OView>
<OView class="oracle.dbtools.crest.swingui.logical.TVEntity" oid="66122393-2B6B-0953-2CED-56A8AC50FFFF" otype="Entity" vid="9A0548AB-7C00-E777-B7A0-7D2B93B70360">
<hideElementsInCurrentOnly>false</hideElementsInCurrentOnly>
<bounds x="47" y="588" width="170" height="110"/>
</OView>
<OView class="oracle.dbtools.crest.swingui.logical.TVEntity" oid="69735D5D-74FA-6F72-2AD7-A007AC12B710" otype="Entity" vid="A5F5AF92-CB4E-CDD1-7669-D41D3FBF05BF">
<hideElementsInCurrentOnly>false</hideElementsInCurrentOnly>
<bounds x="1050" y="326" width="237" height="119"/>
</OView>
<OView class="oracle.dbtools.crest.swingui.logical.TVEntity" oid="DE7E7D0D-758F-32CA-08DE-464DA9ABC66C" otype="Entity" vid="858AD9FF-729E-9DFD-4B32-90E75DAC5633">
<hideElementsInCurrentOnly>false</hideElementsInCurrentOnly>
<bounds x="34" y="253" width="474" height="263"/>
</OView>
<OView class="oracle.dbtools.crest.swingui.logical.TVEntity" oid="E6AD5839-08F3-ED39-A667-EB6F58940132" otype="Entity" vid="589EE5A8-A7C4-047A-B84B-7F9EFE20EF98">
<hideElementsInCurrentOnly>false</hideElementsInCurrentOnly>
<bounds x="742" y="636" width="150" height="90"/>
</OView>
<OView class="oracle.dbtools.crest.swingui.logical.TVEntity" oid="F1222866-AE28-F3D3-62CE-7E551E543420" otype="Entity" vid="20705AA0-4644-96DE-4BD2-7B8FD9B8E0C3">
<hideElementsInCurrentOnly>false</hideElementsInCurrentOnly>
<bounds x="901" y="632" width="150" height="90"/>
</OView>
<OView class="oracle.dbtools.crest.swingui.logical.TVEntity" oid="FDC09DC1-64FE-E549-722E-F1361C1EF0F9" otype="Entity" vid="623E2D7D-20F7-D77D-00AE-74428E65AA0F">
<hideElementsInCurrentOnly>false</hideElementsInCurrentOnly>
<bounds x="333" y="630" width="228" height="115"/>
</OView>
</objectViews>
<connectors>
<Connector class="oracle.dbtools.crest.swingui.logical.TVRelation" oid="0F646515-68E8-0B87-3A5B-645A01F9BF7A" otype="Relation" vid_source="623E2D7D-20F7-D77D-00AE-74428E65AA0F" vid_target="037F43D2-ADD4-DABD-FD56-433C1EF58CEF">
<hideElementsInCurrentOnly>false</hideElementsInCurrentOnly>
<backgroundColor>-16777216</backgroundColor>
<lineWidth>1</lineWidth>
<points>
<point x="479" y="630"/>
<point x="738" y="175"/>
</points>
</Connector>
<Connector class="oracle.dbtools.crest.swingui.logical.TVInheritanceRelation" oid="24E40E42-10AC-69B1-BF99-265FB6BBCC0F" otype="Hierarchy relation" vid_source="858AD9FF-729E-9DFD-4B32-90E75DAC5633" vid_target="4FB47D9D-62DD-2987-509E-F7E0728C94F4">
<hideElementsInCurrentOnly>false</hideElementsInCurrentOnly>
<backgroundColor>-65536</backgroundColor>
<lineWidth>1</lineWidth>
</Connector>
<Connector class="oracle.dbtools.crest.swingui.logical.TVInheritanceRelation" oid="3B38B481-7671-687E-B4F9-392FADFCEE80" otype="Hierarchy relation" vid_source="858AD9FF-729E-9DFD-4B32-90E75DAC5633" vid_target="41EDEB26-5474-05AC-AD27-256A02D92B1E">
<hideElementsInCurrentOnly>false</hideElementsInCurrentOnly>
<backgroundColor>-65536</backgroundColor>
<lineWidth>1</lineWidth>
</Connector>
<Connector class="oracle.dbtools.crest.swingui.logical.TVRelation" oid="7615BA37-0A98-7494-EBC9-B2A8B0B75972" otype="Relation" vid_source="A9DD1C24-9938-C9B5-E326-877E9B556A5F" vid_target="037F43D2-ADD4-DABD-FD56-433C1EF58CEF">
<hideElementsInCurrentOnly>false</hideElementsInCurrentOnly>
<backgroundColor>-16777216</backgroundColor>
<lineWidth>1</lineWidth>
<points>
<point x="809" y="524"/>
<point x="809" y="175"/>
</points>
</Connector>
<Connector class="oracle.dbtools.crest.swingui.logical.TVInheritanceRelation" oid="7E3CA5B7-0719-34BF-A9A7-49A796CBA64A" otype="Hierarchy relation" vid_source="A9DD1C24-9938-C9B5-E326-877E9B556A5F" vid_target="589EE5A8-A7C4-047A-B84B-7F9EFE20EF98">
<hideElementsInCurrentOnly>false</hideElementsInCurrentOnly>
<backgroundColor>-65536</backgroundColor>
<lineWidth>1</lineWidth>
</Connector>
<Connector class="oracle.dbtools.crest.swingui.logical.TVRelation" oid="8DA67B44-0B00-C9A1-2904-FF8B8CA5808A" otype="Relation" vid_source="9A0548AB-7C00-E777-B7A0-7D2B93B70360" vid_target="4FB47D9D-62DD-2987-509E-F7E0728C94F4">
<hideElementsInCurrentOnly>false</hideElementsInCurrentOnly>
<backgroundColor>-16777216</backgroundColor>
<lineWidth>1</lineWidth>
<points>
<point x="200" y="588"/>
<point x="312" y="498"/>
</points>
</Connector>
<Connector class="oracle.dbtools.crest.swingui.logical.TVRelation" oid="8F949D5E-463E-414F-3116-3B46F898A8C2" otype="Relation" vid_source="037F43D2-ADD4-DABD-FD56-433C1EF58CEF" vid_target="EA7CC3F4-7A01-B867-03D9-ECC11414AAC5">
<hideElementsInCurrentOnly>false</hideElementsInCurrentOnly>
<backgroundColor>-16777216</backgroundColor>
<lineWidth>1</lineWidth>
<points>
<point x="902" y="114"/>
<point x="1006" y="114"/>
</points>
</Connector>
<Connector class="oracle.dbtools.crest.swingui.logical.TVRelation" oid="9D21A893-1781-606B-ACAF-24262B8893D8" otype="Relation" vid_source="9A0548AB-7C00-E777-B7A0-7D2B93B70360" vid_target="41EDEB26-5474-05AC-AD27-256A02D92B1E">
<hideElementsInCurrentOnly>false</hideElementsInCurrentOnly>
<backgroundColor>-16777216</backgroundColor>
<lineWidth>1</lineWidth>
<points>
<point x="135" y="588"/>
<point x="135" y="483"/>
</points>
</Connector>
<Connector class="oracle.dbtools.crest.swingui.logical.TVRelation" oid="AC3A3074-27CE-9DE2-0951-F27A04B2EFC4" otype="Relation" vid_source="623E2D7D-20F7-D77D-00AE-74428E65AA0F" vid_target="858AD9FF-729E-9DFD-4B32-90E75DAC5633">
<hideElementsInCurrentOnly>false</hideElementsInCurrentOnly>
<backgroundColor>-16777216</backgroundColor>
<lineWidth>1</lineWidth>
<points>
<point x="420" y="630"/>
<point x="420" y="516"/>
</points>
</Connector>
<Connector class="oracle.dbtools.crest.swingui.logical.TVInheritanceRelation" oid="B51D439D-10C0-7A14-4867-6498B17BD516" otype="Hierarchy relation" vid_source="A9DD1C24-9938-C9B5-E326-877E9B556A5F" vid_target="20705AA0-4644-96DE-4BD2-7B8FD9B8E0C3">
<hideElementsInCurrentOnly>false</hideElementsInCurrentOnly>
<backgroundColor>-65536</backgroundColor>
<lineWidth>1</lineWidth>
</Connector>
<Connector class="oracle.dbtools.crest.swingui.logical.TVRelation" oid="DA4DA12E-1187-B323-F307-C6F9AB107BFE" otype="Relation" vid_source="A5F5AF92-CB4E-CDD1-7669-D41D3FBF05BF" vid_target="EA7CC3F4-7A01-B867-03D9-ECC11414AAC5">
<hideElementsInCurrentOnly>false</hideElementsInCurrentOnly>
<backgroundColor>-16777216</backgroundColor>
<lineWidth>1</lineWidth>
<points>
<point x="1159" y="326"/>
<point x="1159" y="199"/>
</points>
</Connector>
<Connector class="oracle.dbtools.crest.swingui.logical.TVRelation" oid="F2A557B1-A64B-53EF-49B1-A792F14A865D" otype="Relation" vid_source="858AD9FF-729E-9DFD-4B32-90E75DAC5633" vid_target="4D7C3D60-B9FF-E633-2898-9D153FC74FC6">
<hideElementsInCurrentOnly>false</hideElementsInCurrentOnly>
<backgroundColor>-16777216</backgroundColor>
<lineWidth>1</lineWidth>
<points>
<point x="283" y="253"/>
<point x="283" y="197"/>
</points>
</Connector>
</connectors>
</Diagram>