<?xml version = '1.0' encoding = 'UTF-8'?>
<relationalModel class="oracle.dbtools.crest.model.design.relational.RelationalDesign" name="Relational_1" id="CB4E328F-AB95-1250-A1A6-D3A03EE36389" mainViewID="EBE81D37-6C5E-D0FC-AB75-083D0F86B16C">
<createdBy>merce</createdBy>
<createdTime>2026-01-23 23:15:54 UTC</createdTime>
<ownerDesignName>MODELO MER-E HiLogic Solutions_bachman</ownerDesignName>
<shouldBeOpen>true</shouldBeOpen>
<selectedRDBMSSite>32076570-2523-435C-2E92-BF29817DFF70</selectedRDBMSSite>
</relationalModel>