<?xml version = '1.0' encoding = 'UTF-8'?>
<InheritanceRelation class="oracle.dbtools.crest.model.design.logical.InheritanceRelation" name="Hierarchy_1" directorySegmentName="seg_0" id="24E40E42-10AC-69B1-BF99-265FB6BBCC0F">
<createdBy>merce</createdBy>
<createdTime>2026-01-23 23:44:11 UTC</createdTime>
<ownerDesignName>MODELO MER-E HiLogic Solutions_bachman</ownerDesignName>
<engineerTo>
<item key="CB4E328F-AB95-1250-A1A6-D3A03EE36389" value="true"/>
</engineerTo>
<identifying>false</identifying>
<nameOnSource>Super Type</nameOnSource>
<nameOnTarget>Sub Type</nameOnTarget>
<optionalSource>true</optionalSource>
<optionalTarget>true</optionalTarget>
<sourceEntity>DE7E7D0D-758F-32CA-08DE-464DA9ABC66C</sourceEntity>
<targetEntity>53CC50D5-B6D9-40B2-7279-06965434E969</targetEntity>
<transferable>true</transferable>
<deleteRule>NO ACTION</deleteRule>
</InheritanceRelation>