<?xml version = '1.0' encoding = 'UTF-8'?>
<InheritanceRelation class="oracle.dbtools.crest.model.design.logical.InheritanceRelation" name="Hierarchy_2" directorySegmentName="seg_0" id="3B38B481-7671-687E-B4F9-392FADFCEE80">
<createdBy>merce</createdBy>
<createdTime>2026-01-23 23:44:19 UTC</createdTime>
<ownerDesignName>MODELO MER-E HiLogic Solutions_bachman</ownerDesignName>
<engineerTo>
<item key="CB4E328F-AB95-1250-A1A6-D3A03EE36389" value="true"/>
</engineerTo>
<identifying>false</identifying>
<nameOnSource>Super Type</nameOnSource>
<nameOnTarget>Sub Type</nameOnTarget>
<optionalSource>true</optionalSource>
<optionalTarget>true</optionalTarget>
<sourceEntity>DE7E7D0D-758F-32CA-08DE-464DA9ABC66C</sourceEntity>
<targetEntity>465683D7-8C1E-69BD-36F6-553D49D08C7D</targetEntity>
<transferable>true</transferable>
<deleteRule>NO ACTION</deleteRule>
</InheritanceRelation>