<?xml version = '1.0' encoding = 'UTF-8'?>
<InheritanceRelation class="oracle.dbtools.crest.model.design.logical.InheritanceRelation" name="Hierarchy_4" directorySegmentName="seg_0" id="B51D439D-10C0-7A14-4867-6498B17BD516">
<createdBy>merce</createdBy>
<createdTime>2026-01-23 23:45:58 UTC</createdTime>
<ownerDesignName>MODELO MER-E HiLogic Solutions_bachman</ownerDesignName>
<engineerTo>
<item key="CB4E328F-AB95-1250-A1A6-D3A03EE36389" value="true"/>
</engineerTo>
<identifying>false</identifying>
<nameOnSource>Super Type</nameOnSource>
<nameOnTarget>Sub Type</nameOnTarget>
<optionalSource>true</optionalSource>
<optionalTarget>true</optionalTarget>
<sourceEntity>509DC6F1-327A-EA65-1FB0-836DA71338BD</sourceEntity>
<targetEntity>F1222866-AE28-F3D3-62CE-7E551E543420</targetEntity>
<transferable>true</transferable>
<deleteRule>NO ACTION</deleteRule>
</InheritanceRelation>