<?xml version = '1.0' encoding = 'UTF-8'?>
<Relation class="oracle.dbtools.crest.model.design.logical.Relation" name="SUCURSAL - BOLETA" directorySegmentName="seg_0" id="0F646515-68E8-0B87-3A5B-645A01F9BF7A">
<createdBy>merce</createdBy>
<createdTime>2026-01-23 23:55:21 UTC</createdTime>
<ownerDesignName>MODELO MER-E HiLogic Solutions</ownerDesignName>
<engineerTo>
<item key="CB4E328F-AB95-1250-A1A6-D3A03EE36389" value="true"/>
</engineerTo>
<sourceTransferable>false</sourceTransferable>
<targetTransferable>false</targetTransferable>
<sourcePk>FB88DFD6-8816-2E36-C9B2-767A038FA378</sourcePk>
<identifying>true</identifying>
<optionalSource>false</optionalSource>
<optionalTarget>false</optionalTarget>
<sourceCardinality>1</sourceCardinality>
<sourceEntity>FDC09DC1-64FE-E549-722E-F1361C1EF0F9</sourceEntity>
<targetCardinalityString>*</targetCardinalityString>
<targetEntity>5D338A31-F12F-69A4-EB21-049A2226DD9C</targetEntity>
<transferable>true</transferable>
<deleteRule>NO ACTION</deleteRule>
</Relation>