<?xml version = '1.0' encoding = 'UTF-8'?>
<Relation class="oracle.dbtools.crest.model.design.logical.Relation" name="CLIENTE - BOLETA" directorySegmentName="seg_0" id="7615BA37-0A98-7494-EBC9-B2A8B0B75972">
<createdBy>merce</createdBy>
<createdTime>2026-01-23 23:54:39 UTC</createdTime>
<ownerDesignName>MODELO MER-E HiLogic Solutions</ownerDesignName>
<engineerTo>
<item key="CB4E328F-AB95-1250-A1A6-D3A03EE36389" value="true"/>
</engineerTo>
<sourceTransferable>false</sourceTransferable>
<targetTransferable>false</targetTransferable>
<sourcePk>1FA8D405-C5BA-05C7-8F17-FAA2FAFAB86F</sourcePk>
<identifying>false</identifying>
<optionalSource>false</optionalSource>
<optionalTarget>false</optionalTarget>
<sourceCardinality>*</sourceCardinality>
<sourceEntity>509DC6F1-327A-EA65-1FB0-836DA71338BD</sourceEntity>
<targetCardinalityString>*</targetCardinalityString>
<targetEntity>5D338A31-F12F-69A4-EB21-049A2226DD9C</targetEntity>
<transferable>true</transferable>
<deleteRule>NO ACTION</deleteRule>
</Relation>