<?xml version = '1.0' encoding = 'UTF-8'?>
<Relation class="oracle.dbtools.crest.model.design.logical.Relation" name="CARGO - CONTRATO_INDEFINIDO" directorySegmentName="seg_0" id="8DA67B44-0B00-C9A1-2904-FF8B8CA5808A">
<createdBy>merce</createdBy>
<createdTime>2026-01-23 23:51:34 UTC</createdTime>
<ownerDesignName>MODELO MER-E HiLogic Solutions</ownerDesignName>
<engineerTo>
<item key="CB4E328F-AB95-1250-A1A6-D3A03EE36389" value="true"/>
</engineerTo>
<targetTransferable>false</targetTransferable>
<sourcePk>B960136D-3212-BB34-2616-4B35AC9FD897</sourcePk>
<identifying>true</identifying>
<optionalSource>false</optionalSource>
<optionalTarget>false</optionalTarget>
<sourceCardinality>1</sourceCardinality>
<sourceEntity>66122393-2B6B-0953-2CED-56A8AC50FFFF</sourceEntity>
<targetCardinalityString>*</targetCardinalityString>
<targetEntity>53CC50D5-B6D9-40B2-7279-06965434E969</targetEntity>
<transferable>true</transferable>
<deleteRule>NO ACTION</deleteRule>
</Relation>