<?xml version = '1.0' encoding = 'UTF-8'?>
<Relation class="oracle.dbtools.crest.model.design.logical.Relation" name="BOLETA - DETALLE_BOLETA" directorySegmentName="seg_0" id="8F949D5E-463E-414F-3116-3B46F898A8C2">
<createdBy>merce</createdBy>
<createdTime>2026-01-24 00:00:06 UTC</createdTime>
<ownerDesignName>MODELO MER-E HiLogic Solutions</ownerDesignName>
<engineerTo>
<item key="CB4E328F-AB95-1250-A1A6-D3A03EE36389" value="true"/>
</engineerTo>
<sourceTransferable>false</sourceTransferable>
<targetTransferable>false</targetTransferable>
<sourcePk>56077F61-32A6-9304-70A6-0F75D3F3004D</sourcePk>
<dominantRole>5D338A31-F12F-69A4-EB21-049A2226DD9C</dominantRole>
<identifying>false</identifying>
<optionalSource>false</optionalSource>
<optionalTarget>false</optionalTarget>
<sourceCardinality>1</sourceCardinality>
<sourceEntity>5D338A31-F12F-69A4-EB21-049A2226DD9C</sourceEntity>
<targetCardinalityString>1</targetCardinalityString>
<targetEntity>50673B01-B8D3-5A38-DEEC-7AA630BE9C92</targetEntity>
<transferable>true</transferable>
<deleteRule>NO ACTION</deleteRule>
</Relation>