<?xml version = '1.0' encoding = 'UTF-8'?>
<Relation class="oracle.dbtools.crest.model.design.logical.Relation" name="Cargo - Contrato_Practicante" directorySegmentName="seg_0" id="9D21A893-1781-606B-ACAF-24262B8893D8">
<createdBy>merce</createdBy>
<createdTime>2026-01-23 23:52:11 UTC</createdTime>
<ownerDesignName>MODELO MER-E HiLogic Solutions</ownerDesignName>
<engineerTo>
<item key="CB4E328F-AB95-1250-A1A6-D3A03EE36389" value="true"/>
</engineerTo>
<targetTransferable>false</targetTransferable>
<sourcePk>B960136D-3212-BB34-2616-4B35AC9FD897</sourcePk>
<identifying>true</identifying>
<optionalSource>false</optionalSource>
<optionalTarget>false</optionalTarget>
<sourceCardinality>1</sourceCardinality>
<sourceEntity>66122393-2B6B-0953-2CED-56A8AC50FFFF</sourceEntity>
<targetCardinalityString>*</targetCardinalityString>
<targetEntity>465683D7-8C1E-69BD-36F6-553D49D08C7D</targetEntity>
<transferable>true</transferable>
<deleteRule>NO ACTION</deleteRule>
</Relation>