<?xml version = '1.0' encoding = 'UTF-8'?>
<Relation class="oracle.dbtools.crest.model.design.logical.Relation" name="SUCURSAL - CONTRATO" directorySegmentName="seg_0" id="AC3A3074-27CE-9DE2-0951-F27A04B2EFC4">
<createdBy>merce</createdBy>
<createdTime>2026-01-23 23:48:26 UTC</createdTime>
<ownerDesignName>MODELO MER-E HiLogic Solutions</ownerDesignName>
<engineerTo>
<item key="CB4E328F-AB95-1250-A1A6-D3A03EE36389" value="true"/>
</engineerTo>
<targetTransferable>false</targetTransferable>
<sourcePk>FB88DFD6-8816-2E36-C9B2-767A038FA378</sourcePk>
<identifying>true</identifying>
<optionalSource>false</optionalSource>
<optionalTarget>false</optionalTarget>
<sourceCardinality>1</sourceCardinality>
<sourceEntity>FDC09DC1-64FE-E549-722E-F1361C1EF0F9</sourceEntity>
<targetCardinalityString>*</targetCardinalityString>
<targetEntity>DE7E7D0D-758F-32CA-08DE-464DA9ABC66C</targetEntity>
<transferable>true</transferable>
<deleteRule>NO ACTION</deleteRule>
</Relation>