<?xml version = '1.0' encoding = 'UTF-8'?>
<Relation class="oracle.dbtools.crest.model.design.logical.Relation" name="PRODUCTO - DETALLE_BOLETA" directorySegmentName="seg_0" id="DA4DA12E-1187-B323-F307-C6F9AB107BFE">
<createdBy>merce</createdBy>
<createdTime>2026-01-23 23:59:12 UTC</createdTime>
<ownerDesignName>MODELO MER-E HiLogic Solutions</ownerDesignName>
<engineerTo>
<item key="CB4E328F-AB95-1250-A1A6-D3A03EE36389" value="true"/>
</engineerTo>
<sourcePk>62323AA6-289C-8714-2288-BE6826A11739</sourcePk>
<identifying>true</identifying>
<optionalSource>false</optionalSource>
<optionalTarget>false</optionalTarget>
<sourceCardinality>1</sourceCardinality>
<sourceEntity>69735D5D-74FA-6F72-2AD7-A007AC12B710</sourceEntity>
<targetCardinalityString>*</targetCardinalityString>
<targetEntity>50673B01-B8D3-5A38-DEEC-7AA630BE9C92</targetEntity>
<transferable>true</transferable>
<deleteRule>NO ACTION</deleteRule>
</Relation>