<?xml version = '1.0' encoding = 'UTF-8'?>
<Relation class="oracle.dbtools.crest.model.design.logical.Relation" name="CONTRATO - TRABAJADOR" directorySegmentName="seg_0" id="F2A557B1-A64B-53EF-49B1-A792F14A865D">
<createdBy>merce</createdBy>
<createdTime>2026-01-23 23:50:35 UTC</createdTime>
<ownerDesignName>MODELO MER-E HiLogic Solutions</ownerDesignName>
<engineerTo>
<item key="CB4E328F-AB95-1250-A1A6-D3A03EE36389" value="true"/>
</engineerTo>
<targetTransferable>false</targetTransferable>
<sourcePk>50B4B717-EB51-A159-7FA1-C11A5E923909</sourcePk>
<identifying>true</identifying>
<optionalSource>false</optionalSource>
<optionalTarget>false</optionalTarget>
<sourceCardinality>1</sourceCardinality>
<sourceEntity>DE7E7D0D-758F-32CA-08DE-464DA9ABC66C</sourceEntity>
<targetCardinalityString>*</targetCardinalityString>
<targetEntity>1C1A0099-A9E3-AC42-D06A-1237CAE8F07D</targetEntity>
<transferable>true</transferable>
<deleteRule>NO ACTION</deleteRule>
</Relation>